,Year,1992,1992.1,1992.2,1992.3,1992.4,1992.5,1992.6,1992.7,1992.8,1992.9,1992.10,1992.11,1993,1993.1,1993.2,1993.3,1993.4,1993.5,1993.6,1993.7,1993.8,1993.9,1993.10,1993.11,1994,1994.1,1994.2,1994.3,1994.4,1994.5,1994.6,1994.7,1994.8,1994.9,1994.10,1994.11,1995,1995.1,1995.2,1995.3,1995.4,1995.5,1995.6,1995.7,1995.8,1995.9,1995.10,1995.11,1996,1996.1,1996.2,1996.3,1996.4,1996.5,1996.6,1996.7,1996.8,1996.9,1996.10,1996.11,1997,1997.1,1997.2,1997.3,1997.4,1997.5,1997.6,1997.7,1997.8,1997.9,1997.10,1997.11,1998,1998.1,1998.2,1998.3,1998.4,1998.5,1998.6,1998.7,1998.8,1998.9,1998.10,1998.11,1999,1999.1,1999.2,1999.3,1999.4,1999.5,1999.6,1999.7,1999.8,1999.9,1999.10,1999.11,2000,2000.1,2000.2,2000.3,2000.4,2000.5,2000.6,2000.7,2000.8,2000.9,2000.10,2000.11,2001,2001.1,2001.2,2001.3,2001.4,2001.5,2001.6,2001.7,2001.8,2001.9,2001.10,2001.11,2002,2002.1,2002.2,2002.3,2002.4,2002.5,2002.6,2002.7,2002.8,2002.9,2002.10,2002.11,2003,2003.1,2003.2,2003.3,2003.4,2003.5,2003.6,2003.7,2003.8,2003.9,2003.10,2003.11,2004,2004.1,2004.2,2004.3,2004.4,2004.5,2004.6,2004.7,2004.8,2004.9,2004.10,2004.11,2005,2005.1,2005.2,2005.3,2005.4,2005.5,2005.6,2005.7,2005.8,2005.9,2005.10,2005.11,2006,2006.1,2006.2,2006.3,2006.4,2006.5,2006.6,2006.7,2006.8,2006.9,2006.10,2006.11,2007,2007.1,2007.2,2007.3,2007.4,2007.5,2007.6,2007.7,2007.8,2007.9,2007.10,2007.11,2008,2008.1,2008.2,2008.3,2008.4,2008.5,2008.6,2008.7,2008.8,2008.9,2008.10,2008.11,2009,2009.1,2009.2,2009.3,2009.4,2009.5,2009.6,2009.7,2009.8,2009.9,2009.10,2009.11,2010,2010.1,2010.2,2010.3,2010.4,2010.5,2010.6,2010.7,2010.8,2010.9,2010.10,2010.11,2011,2011.1,2011.2,2011.3,2011.4,2011.5,2011.6,2011.7,2011.8,2011.9,2011.10,2011.11,2012,2012.1,2012.2,2012.3,2012.4,2012.5,2012.6,2012.7,2012.8,2012.9,2012.10,2012.11,2013,2013.1,2013.2,2013.3,2013.4,2013.5,2013.6,2013.7,2013.8,2013.9,2013.10,2013.11,2014,2014.1,2014.2,2014.3,2014.4,2014.5,2014.6,2014.7,2014.8,2014.9,2014.10,2014.11,2015,2015.1,2015.2,2015.3,2015.4,2015.5,2015.6,2015.7,2015.8,2015.9,2015.10,2015.11,2016,2016.1,2016.2,2016.3,2016.4,2016.5,2016.6,2016.7,2016.8,2016.9,2016.10,2016.11
1,1,-247,-351,-300,-142,-45,-226,-340,-316,-97,-99,-171,-231,-233,-217,-302,-226,-277,-270,-323,-244,-126,-26,-137,-198,-203,-200,-277,-258,-181,-194,-344,-328,-183,-110,-173,-246,-311,-277,-286,-170,-210,-300,-340,-232,-142,-25,-119,-184,-324,-399,-199,-113,-178,-233,-325,-71,-16,87,-132,-249,-308,-319,-260,-248,-266,-317,-307,-223,-198,106,-47,-183,-189,-171,-167,-86,-173,-231,-285,-247,-117,-37,-177,-304,-305,-203,-201,-150,-157,-220,-307,-165,156,30,-73,-236,-237,-210,-154,-165,-96,-207,-231,-223,-87,-29,-141,-230,-273,-261,-172,-182,-166,-200,-242,-206,-117,-47,-91,-249,-343,-307,-245,-169,-165,-268,-272,-198,-110,-9,-42,-156,-285,-236,-163,-154,-130,-113,-227,-133,115,30,-113,-238,-303,-210,-151,-207,-200,-226,-191,-179,20,75,-21,-203,-162,-193,-177,-202,-113,-180,-242,-209,-19,-79,-79,-198,-140,-60,-174,-197,-141,-97,-133,-205,-3,15,-180,-245,-353,-272,-192,-212,-209,-238,-259,-219,-116,-25,-129,-191,-197,-268,-212,-85,-67,-141,-185,-120,-20,75,-100,-188,-102,-217,-241,-146,-122,-183,-123,-202,113,67,-59,-197,-261,-228,-163,-166,-141,-189,-221,-146,3,-9,36,-56,-208,-141,-260,-178,-156,-130,-12,-103,91,-68,-109,-256,-216,-299,-182,-177,-128,-160,-162,-174,-122,-107,-144,-147,-291,-195,-170,-147,-156,-87,-155,-134,-74,-106,-109,-172,-235,-205,-206,-93,-150,-181,-168,-140,13,17,57,-165,-258,-225,-186,-136,-154,-154,-264,-198,13,-24,-52,-88,-208,-194,-212,-130,-90,-155,-237,-161,-23,111,136,0
2,2,-438,-479.305871101,-399,-195,-143,-255,-429,-441,-225,-222,-310,-359,-410.335394751,-377.74288449,-431.292265979,-362.787058034,-347,-316,-414,-383,-252,-143,-259,-371,-411,-374,-414,-365,-262,-246,-435,-478,-353,-265,-347,-414,-481,-460,-426,-301,-298,-399,-475,-387,-329,-173,-252,-362,-527,-594,-399,-222,-243,-326,-472,-213,-195,-106,-262,-460,-546,-544,-495,-427,-386,-478,-505,-406,-391,-80,-231.698622822,-388.481748051,-389.823535646,-397,-323,-266,-321,-394,-466,-446,-266.478409604,-215.611887638,-406.358759692,-554.642670488,-471.540135333,-386.673076647,-385.750345998,-307.132699459,-295.045574134,-324.936131312,-446.902679864,-311.117593361,14.4548446542,-137.431692992,-283.954759246,-414.376374358,-441.201089294,-384.000538425,-337.504856403,-314.7238992,-259.324661756,-304.868181215,-347.301710557,-405.384523191,-252.15987694,-238.745679978,-358.444031297,-443.755899855,-481.726614519,-469.66524212,-382.996870009,-390.595427729,-302.581589034,-336.093168009,-429.007273276,-409.803189997,-304.831391321,-238.289833137,-302.636773875,-488.468663399,-551.878157531,-487.979705654,-463.393756037,-313.297494848,-346.816431802,-379.831695053,-405.759432265,-345.478323196,-269.110478943,-199.907419506,-270.040567571,-380.390553596,-484.917542401,-454.082180638,-337.479103477,-296.354250824,-239.146341977,-244.95462324,-360.212233817,-256.141091853,-61.8909256627,-163.738018267,-358.94402601,-454.971800382,-523.281561086,-430.823302659,-363.355334837,-383.423284934,-335.633642179,-367.325512782,-315.977391049,-347.242846727,-153.411737483,-174.424492166,-255.277225034,-401.344444448,-391.088064464,-387.081096625,-340.155320688,-375.868875087,-251.689314142,-304.390260438,-387.040627742,-353.532727757,-194.084422285,-254.383926301,-245.925180751,-413.902132571,-343.750589559,-251.740819994,-399.146148014,-390.65429156,-311.555045254,-246.33320073,-293.244260709,-333.424308776,-165.050373947,-214.663404063,-401.818686236,-466.150911016,-562.16764842,-482.204535296,-364.722875358,-377.22537864,-378.103961416,-388.816188241,-395.061921398,-370.056914834,-278.488276151,-205.274569886,-342.430875901,-421.485974334,-389.779387773,-454.089538617,-370.104741697,-293.75897138,-204.388629132,-270.5000934,-334.383829319,-263.783797446,-177.119104324,-104.199369366,-288.32559919,-399.546810013,-337.475424487,-403.553777851,-395.741818643,-297.686254389,-238.679366165,-262.97632014,-274.257048771,-376.651354806,-52.1134695766,-171.862742736,-308.96698302,-439.99698481,-515.491091802,-426.980759467,-382.725593299,-370.577116312,-288.14102247,-349.751155763,-396.609566999,-296.818506033,-186.614464792,-173.598239448,-190.085458217,-295.950757676,-423.509766042,-394.874070286,-501.607118102,-331.528440282,-269.91830699,-262.108571784,-151.036782186,-278.595790552,-74.6749268385,-282.066783977,-305.495989595,-450.409965085,-493.797382896,-534.581555639,-385.328838368,-308.099234664,-261.240823427,-296.818506033,-322.279005022,-347.723966608,-308.250176098,-270.374426985,-301.089987235,-310.62760115,-437.992259316,-343.304468377,-290.587583277,-258.314581932,-283.251312621,-213.493390431,-280.829207453,-283.463611207,-229.693903056,-264.275540273,-270.488246293,-350.990195337,-387.099423312,-356.74079172,-367.922613601,-247.682422989,-282.018983684,-313.205437372,-298.80107591,-285.831086483,-148.561630255,-144.631148625,-149.121563447,-337.575563711,-421.806126293,-384.748249501,-349.702085301,-290.525320791,-278.893306221,-260.617332066,-384.891218115,-323.292493911,-146.344131006,-199.201917382,-244.695199925,-270.58168533,-382.986493434,-356.941508605,-368.019796198,-263.52811859,-172.043942873,-244.196728021,-337.143448875,-278.194949173,-160.173059007,-65.8723823096,-59.846644394,0
3,3,-455,-556,-458,-290,-165,-293,-458,-464,-254,-269,-351,-394,-418,-367,-440,-351,-376,-376,-467,-428,-281,-217,-336,-415,-428,-403,-467,-409,-293,-245,-446,-492,-367,-278,-397,-476,-522,-501,-479,-330,-345,-415,-492,-391,-330,-187,-284,-379,-531,-595,-376,-217,-236,-312,-440,-196,-159,-83,-309,-449,-546,-537,-483,-427,-368,-438,-461,-372,-357,-59,-224,-392,-394,-367,-310,-205,-282,-330,-408,-384,-253,-126,-367.08396501,-504.780081234,-474,-346,-341,-263,-250,-300,-436,-318,26,-49,-195,-388,-409,-347,-299,-259,-186,-278,-335,-375,-253,-202,-317,-405,-444,-415,-311,-333,-239,-298,-396,-373,-300,-203,-244,-446,-518,-443,-415,-232,-259,-364,-378,-310,-218,-135,-171,-323,-446,-411,-298,-235,-182,-172,-246,-211,18,-51,-234,-375,-460,-363,-281,-319,-252,-325,-258,-323,-84,-77,-184,-369,-325,-346,-278,-296,-145,-234,-330,-312,-139,-183,-186,-352,-284,-192,-300,-329,-244,-185,-229,-320,-113,-127,-334,-415,-522,-455,-306,-307,-298,-333,-332,-323,-241,-148,-288,-361,-349,-412,-293,-188,-121,-197,-171,-165,-92,-35,-220,-336,-285,-333,-362,-221,-180,-240,-232,-358,-37,-75,-215,-369,-456,-368,-310,-292,-219,-290,-361,-281,-157,-103,-93,-219,-348,-285,-411,-257,-170,-215,-35,-239,36,-194,-237,-380,-381,-461,-289,-236,-173,-235,-274,-308,-274,-225,-244,-267,-416,-308,-219,-167,-207,-139,-197,-219,-170,-208,-211,-307,-351,-312,-328,-176,-205,-225,-233,-234,-61,-50,-80,-293,-390,-344,-308,-223,-202,-174,-340,-280,-77,-124,-185,-217,-355,-320,-317,-184,-24,-122,-264,-210,-82,30,7.89221159995,0
4,4,-447,-548,-487,-289,-197,-362,-523,-508,-267,-310,-401,-435,-456,-462,-514,-438,-484,-493,-539,-468,-310,-276,-404,-450,-456,-465,-551,-493,-407,-368,-566,-572,-423,-350,-444,-545,-578,-548,-563,-404,-447,-499,-557,-453,-377,-273.443582485,-388.435765796,-489.289565914,-652.352252085,-675.916224075,-459.529449138,-313,-334,-414,-481,-246,-200,-173,-401,-511,-627,-605,-571,-509,-467,-551,-545,-447,-411,-116,-288,-461,-462,-420,-408,-303,-393,-453,-522,-475,-343,-272,-478,-645,-559,-465,-472,-386,-380,-423,-551,-400,-26,-189,-347,-493,-516,-460,-420,-395,-337,-392,-439,-499,-334,-323,-458,-553,-594,-581,-489,-496,-404,-438,-539,-517,-402,-325,-389,-590,-665,-601,-579,-417,-449,-496,-519,-447,-359,-274,-350,-466,-580,-550,-427,-390,-336,-342,-465,-349,-120,-231,-444,-552,-636,-533,-464,-495,-441,-482,-420,-455,-234,-252,-340,-500,-484,-476,-431,-476,-340,-400,-487,-452,-272,-339,-322,-500,-429,-326,-488,-480,-403,-333,-382,-432,-240,-286,-493,-561,-672,-586,-458,-473,-478,-492,-501,-471,-370,-278,-422,-511,-474,-548,-458,-364,-275,-347,-415,-344,-251,-201,-378,-501,-428,-509,-487.404448154,-380.89529476,-316.801290947,-343.192939575,-355.44620501,-466.668152803,-114.151131832,-244.224257217,-393.148560194,-535.474951014,-617.477573539,-521.33656782,-473.26606496,-460.070240646,-370.527147084,-437.448827536,-488.347007034,-379.95273588,-260.247758171,-246.109374976,-264.017993689,-379.010177,-517.566332302,-486.461889275,-602.396631466,-417.655091064,-350.733410612,-342.250380696,-221.602844107,-360.158999408,-138.657662702,-363.929234927,-389.378324676,-546.785657569,-593.913601549,-638.213868891,-476.093741599,-392.206001315,-341.307821816,-379.95273588,-407.608241337,-435.246869877,-392.369955748,-351.228853731,-384.592471014,-394.952343921,-533.297393659,-430.446356836,-373.184631361,-338.129302507,-365.21588443,-289.443976007,-362.584964167,-365.446485751,-307.041170999,-344.604168377,-351.352485655,-438.794687479,-478.016972625,-445.041055616,-457.186887329,-326.580521402,-363.877313664,-397.752421161,-382.106227534,-368.018066357,-218.9143038,-214.644966573,-219.522510084,-424.223550507,-515.715817966,-475.46309887,-437.3955266,-373.117001087,-360.482164567,-340.630577872,-475.618393127,-408.709105367,-216.505628989,-273.920403155,-323.335763167,-351.453980281,-473.549457878,-445.259076752,-457.292448255,-343.792309802,-244.421079023,-322.794316887,-423.754182086,-359.723600599,-231.526779753,-129.096231154,-122.551000918,0
5,5,-483,-587,-495,-318,-209,-364,-507,-483,-251,-279,-413,-446,-498,-486,-513,-425,-458,-477,-486,-437,-273,-245,-379,-428,-462,-471,-559,-486,-367,-300,-513,-526,-364,-315,-443,-538,-580,-544,-541,-376,-431,-474,-532,-413,-330,-245,-367,-474,-647,-672,-442.426251749,-321,-346,-425,-486,-257,-199,-193,-419,-544,-662,-636,-601,-517,-452,-532,-534,-427,-414,-139,-304,-482,-484,-440,-430,-324,-401,-449,-517,-462,-327,-284,-505,-670,-570,-474,-465,-375,-354,-378,-523,-370,-15,-192,-362,-508,-545,-473,-409,-383,-317,-364,-412,-482,-304,-285,-418,-514,-558,-544,-442,-452,-347,-388,-495,-474,-354,-282,-362,-577,-644,-565,-532,-358,-401,-428,-463,-400,-317,-247,-328,-459,-579,-540,-402,-347,-273,-280,-415,-298,-92,-209,-433,-540,-609,-505,-423,-437,-384,-414,-361,-396,-183,-212,-305,-472,-465,-464,-404,-439,-297,-355,-453,-413,-236,-304,-302,-500,-414,-311,-479,-468,-368,-292,-348,-388,-203,-268,-480,-556,-660,-567,-432,-445,-442,-452,-457,-431,-327,-255,-418,-506,-472,-542,-444,-367,-256,-332,-407,-320,-219,-106,-341,-467,-401,-468,-472,-359,-291,-319,-332,-450,-76,-214,-372,-523,-610,-508,-457,-443,-348,-419,-473,-358,-231,-216,-235,-357,-504,-471,-594,-398,-327,-318,-190,-337,-102,-341,-368,-535,-585,-632,-460,-371,-317,-358,-387.340878385,-416.663851346,-371.173946091,-327.525636254,-362.922488382,-373.913709335,-520.689738644,-411.570786981,-350.81943583,-313.627776389,-342.365060084,-261.975484363,-339.573807124,-342.609714637,-280.645081959,-320.497231454,-327.656802515,-420.427878907,-462.040435953,-427.054911205,-439.940930291,-301.375193176,-340.944914568,-376.884427982,-360.28472905,-345.338011681,-187.147615534,-182.618097729,-187.792886929,-404.968752388,-502.036712214,-459.330924844,-418.943450816,-350.747684054,-337.342859386,-316.281483673,-459.495682994,-388.508830917,-184.592152037,-245.505878922,-297.932693927,-327.764482394,-457.300663358,-427.286218914,-440.052924278,-319.635896854,-214.208816457,-297.358251002,-404.470779868,-336.538067256,-200.528716944,-91.8558787629,-84.9117712088,0
6,6,-250,-360,-284,-113,-15,-186,-339,-326,-107,-128,-226,-229,-272,-287,-314,-238,-275,-305,-339,-272,-113,-92,-229,-250,-235,-265,-354,-281,-186,-150,-351,-351,-204,-162,-256,-342,-387,-342,-323,-168,-238,-299,-348,-229,-147,-55,-177,-268,-427,-464,-232,-119,-150,-229,-296,-76,-31,-19,-238,-351,-468,-447,-416,-344,-284,-358,-365,-260,-234,44,-122,-295,-295,-242,-215,-113,-204,-253,-334,-285,-156,-105,-315,-475,-358,-274,-282,-200,-191,-216,-367,-215,150,-8,-162,-309,-332,-269,-232,-212,-155,-201,-245,-316,-141,-124,-258,-352,-393,-372,-283,-278,-176,-219,-331,-310,-187,-117,-185,-389,-448,-373,-322,-165,-212,-229,-281,-219,-117,-50,-132,-255,-385,-360,-231,-170,-114,-121,-246,-134,76,-33,-241,-354,-427,-321,-235,-267,-214,-249,-198,-230,-13,-40,-134,-300,-284,-267,-216,-269,-116,-168,-266,-237,-69,-141,-118,-309,-227,-121,-295,-296,-214,-137,-196,-234,-45,-103,-312,-375,-483,-395,-259,-277,-281,-288,-288,-269,-172,-92,-251,-342,-286,-360,-260,-171,-67,-148,-206,-140,-49,-13,-193,-316,-243,-314,-315,-191,-124,-168,-182,-296,58.5936180763,-35,-187,-332,-425,-317,-273,-247,-139,-171,-212,-114,14,28,-17,-137,-284,-249,-370,-185,-126,-114,8,-132,91,-148,-173,-341,-369,-415,-251,-177,-128,-171,-203,-245,-198,-131,-178,-186,-327,-208,-138,-101,-139,-39,-141,-152,-79,-127,-142,-259,-274,-239,-261,-114,-143,-197,-155,-140,3,2,-28,-234,-331,-283,-239,-170,-131,-95,-246,-163,25,-71,-139,-159,-285,-244,-265,-121,-1,-86,-183,-114,21,95,109,0
7,7,-246.98581208,-351.525251383,-279.29800241,-116.786692221,-23.6515553873,-186.162865576,-331.567722061,-319.213061053,-111.084540986,-131.042070308,-224.177207141,-227.028282758,-267.89369994,-282.149078027,-307.808758583,-235.58150961,-270.744775558,-299.255531731,-331.567722061,-267.89369994,-116.786692221,-96.8291628993,-227.028282758,-246.98581208,-252,-267,-331,-234,-164,-121,-264,-331,-185,-155,-271,-350,-399,-325,-301,-173,-222,-240,-298,-203,-142,-21,-170,-267,-415.199273503,-450.362539451,-229.879358376,-122.488843455,-151.949958168,-227.028282758,-290.702304879,-81.6234262734,-38.8572920132,-27.4529895438,-235.58150961,-342.972024531,-454.163973607,-434.206444286,-404.745329573,-336.319514757,-279.29800241,-349.624534304,-356.277044078,-256.489397471,-231.780075454,32.4195984206,-125.339919073,-289.75194634,-289.75194634,-239.382943767,-213.723263211,-116.786692221,-203.26931928,-249.836887697,-326.815929366,-280.248360949,-157.652109403,-109.183823908,-308.759117122,-460.816483381,-280,-236,-230,-198,-192,-205,-352,-214,155,-10.4479690591,-183,-309,-288,-223,-204,-167,-159,-189,-228,-314,-160,-162,-293,-387,-435,-406,-315,-300,-168,-230,-336,-324,-217,-173,-224,-429,-446,-365,-274,-146,-212,-206,-269,-223,-96,-61,-158,-252.311725898,-376,-363,-240,-141,-127,-138,-250,-125,29,-52,-225,-339,-422,-325,-211,-266,-230,-257,-215,-235,-20,-67,-162,-326,-295,-235,-192,-272,-77,-146,-235,-253,-109,-148,-109,-289,-232,-100,-275,-281.07013504,-225,-135,-182,-239,-41.2113702131,-69.7481951201,-276.467662445,-340.090697333,-485,-397,-268,-262,-261,-265,-249,-230,-157,-33,-227,-346,-244,-336,-246,-179,-68,-121,-159,-95,-27,-7,-197,-317,-270,-295,-286,-159,-103,-125,-144,-236,179,-88,-241,-380,-459,-362,-308,-235,-154,-249,-306,-206,-91,-54,3,-136,-276,-250,-362,-189,-127,-107,-1,-141,64,-175,-202,-378,-401,-436,-264,-167,-137,-160,-198,-251,-212,-169,-216,-239,-343,-209,-105,-84,-137,-28,-107,-137,-72,-130,-155,-265,-268,-226,-259,-114,-113,-162,-121,-120,14,5,-38,-234,-338,-290,-239,-174,-129,-81,-236,-175,-5,-85,-159,-178,-276,-260,-239,-86,14,-48,-182,-145,-22,37,100,0
8,8,-281.20603713299175,-368.5526978749344,-282.8171255561974,-153.95439781925236,-62.20833244557912,-183.61170695029466,-255.70427079453816,-248.04525983094368,-108.22214083377568,-131.17341001608864,-230.47919114913742,-295.19419173500404,-292.47181977409736,-263.2347763169464,-324.1295432827731,-258.42366414648336,-280.0318249430928,-215.18475959769705,-277.37123822704064,-220.67582153199098,-127.96433300206593,-91.33335067995664,-214.51393108381131,-270.29388405428534,-268.18238009957923,-276.1586162204422,-343.2295862273522,-264.59213706647694,-190.88212322373602,-190.25508658958586,-290.079946451232,-286.4512323401981,-180.80067414974556,-135.97683262671254,-270.5236782802832,-323.44829944283094,-398.3729885167621,-346.4435973964145,-317.2500206430296,-220.23637842875456,-243.23111102737712,-258.87220908202,-268.63342334978523,-191.37376951181994,-149.4709589301646,-82.9736229958748,-198.18523924551786,-267.48314813532033,-386.87221825683855,-452.6532570494323,-264.072230531838,-167.03325985996847,-163.45738096714422,-219.1186060624563,-250.3543811857434,-63.092453597222644,-29.576436200584954,-21.698336801125418,-228.0692703544219,-327.2472236977103,-399.5633968875651,-409.9602323273637,-378.54815660259436,-315.83915812307566,-283.9134742070019,-320.72370650873216,-302.3470230550363,-224.43948407494935,-197.47314687612825,-25.31251262802895,-147.45448615979657,-275.4466016466953,-296.74130559565526,-283.1441356327785,-237.57281750492513,-176.81843521774903,-219.46836326501764,-226.24661907158824,-265.1782046049149,-238.1347366395377,-134.52839084988926,-114.01383785278928,-271.726928140337,-388.65066758489064,-323.74549789038304,-233.52147620190541,-243.08209181970057,-205.10750867479487,-177.14906356567045,-224.9695894345159,-301.1320590562614,-189.87171694435128,76.6250427783225,-59.960503051093504,-185.7868756422648,-293.25004687409665,-294.22926143868705,-248.67184477989377,-225.01014320390698,-200.32027727004942,-152.03680426657058,-196.4457510245919,-206.54956422820334,-219.73519253045484,-92.63551373467614,-121.17917656852501,-227.2902353929996,-313.9172530243499,-365.76693144634623,-356.0841027181001,-253.4075260751747,-249.1374859369566,-189.7000885640644,-208.46026924554874,-242.9470687691766,-231.03489713443903,-144.80884538249472,-142.5462781149569,-174.25260509387525,-363.9249581249887,-444.0065297968197,-390.70562406588607,-314.4767846487817,-231.36542792334575,-223.8012546279045,-261.76085963561314,-241.9999427091521,-194.65917664535232,-123.97641547740685,-105.26666666666667,-142.33333333333334,-242.95411505989946,-365.6,-339.8,-264.3333333333333,-199.13333333333333,-165.53333333333333,-132.8,-212.86666666666667,-126.06666666666666,44.06666666666667,-37.857142857142854,-226.28571428571428,-327.6407141886455,-394.92857142857144,-313.14285714285717,-217.92857142857142,-232.86666666666667,-194.26666666666668,-199.4,-160.93333333333334,-165.0,-16.533333333333335,-41.06666666666667,-118.53333333333333,-272.4,-273.0,-277.8666666666667,-244.26666666666668,-258.034717261337,-147.35250710279146,-167.66289364441408,-222.13333333333333,-198.33333333333334,-78.73006842183567,-98.92772988570366,-109.47869349473939,-305.3065974227445,-243.35096607146562,-151.0670822325211,-271.3064774654095,-230.47897774002567,-176.53359540593263,-107.15666624076611,-134.88486497442105,-170.10355134525216,-42.82336883352433,-101.43789737744423,-245.64457612070692,-327.07991228683466,-399.7142857142857,-348.2142857142857,-255.42857142857142,-247.5,-222.0,-231.85714285714286,-246.0,-207.14285714285714,-117.57142857142857,-8,-158,-249,-205,-280,-188,-91,-2,-69,-134,-69,20,63,-122,-252,-177,-256,-258,-138,-74,-120,-138.38901464359031,-243,125,24,-120,-259,-356,-258,-207,-187,-101,-186,-244,-146,-12,26,28,-115,-260,-203,-341,-170,-102,-100,45,-107,121,-105,-133,-298,-331,-387,-222,-161,-106,-151,-184,-224,-180,-117,-150,-163,-299,-173,-108,-70,-109,-17,-106,-111,-55,-89,-107,-213,-234,-202,-223,-78,-106,-146,-119,-108,54,65,54,-171,-275,-235,-200,-142,-114,-78,-245,-172,42,-40,-86,-119,-187.363367046,-208,-231,-98,14,-92,-205,-142,7,100,123,0
9,9,-185.397542238,-276.401250543,-213.525961169,-72.0565600761,9.01947095945,-132.449930133,-259.027815321,-248.272831612,-67.0927214412,-84.4661566631,-165.542187699,-168.024107016,-203.598283899,-216.007880486,-238.345154343,-175.469864968,-206.080203216,-230.899396391,-259.027815321,-203.598283899,-72.0565600761,-54.6831248542,-168.024107016,-185.397542238,-189.762494814,-202.820299923,-258.533601719,-174.093128684,-113.156704844,-75.724330199,-200.208738901,-258.533601719,-131.437631996,-105.322021778,-206.302381285,-275.07348819,-317.728984878,-253.310479676,-232.417991502,-120.991387909,-163.646884597,-179.316250727,-229.80643048,-147.106998126,-94.005257351,11.3277038583,-118.379826887,-202.820299923,-331.830781965,-362.441120214,-170.506026334,-77.0203987109,-102.666898324,-168.024107016,-223.453638438,-41.446221828,-4.21743206676,5.7102452029,-175.469864968,-268.955492591,-365.75034597,-348.376910748,-322.730411135,-263.164347517,-213.525961169,-274.746637665,-280.537782739,-193.670606629,-172.160639212,57.8305508686,-79.5023180283,-222.626331999,-222.626331999,-178.779090725,-156.441816868,-72.0565600761,-147.341446038,-187.879461555,-254.891283126,-214.353267608,-107.630736959,-65.438108563,-239.172460782,-371.541491044,-317,-201,-196,-118,-129,-191,-312,-156,189,56,-94,-245,-267,-199,-147.977518467,-139,-78,-188,-223,-236,-106,-54,-166,-258,-306,-287,-188,-205,-149,-203,-275,-236,-144,-53,-127,-315,-404,-344,-296,-156,-173,-270,-272,-211,-123,-13,-73,-199,-332,-287,-190,-153,-116,-81,-210,-119,138,35,-157,-284,-349,-255,-181,-228,-189,-230,-164,-182,43,64,-26,-228,-187,-211,-168,-207,-97,-172,-254,-204,5,-30,-72,-225,-157,-72,-205,-218,-139,-70,-112,-183,29,27,-193,-262,-400,-314,-190,-206,-199,-224,-244,-215,-112,-15,-143,-203,-204,-285,-196,-80,-28,-123,-168,-97,13,91,-101,-210,-132,-215,-246,-109,-74,-141,-108,-225,125,70,-73,-225,-300,-237,-171,-173,-110,-174,-230,-135,10,27,44,-77,-228,-162,-292,-148,-68,-93,58,-97,144,-65,-106,-256,-250,-331,-173,-146,-94,-131,-163,-186,-130,-82,-99,-115,-286,-172,-116,-69,-109,-38,-113,-109,-52,-78,-73,-178,-232,-174,-181,-35,-93,-122,-127,-108,65,81,72,-165,-262,-224,-196,-115,-109,-101,-258,-175,49,-12,-47,-84,-223,-191,-217,-91,12,-81,-211,-126,26,144,145,0
10,10,-330,-381,-302,-183,-74,-199,-281,-275,-135,-168,-256,-336,-339,-308,-363,-314,-348,-253,-284,-208,-132,-153,-247,-311,-305,-333,-400,-282.850538189,-214,-223,-302,-281,-162,-138,-299,-342,-439,-378,-351,-238,-241,-269,-260,-180,-125,-110,-250,-311,-409,-497,-284,-205,-196,-229,-238,-67,-58,-110,-287,-366,-415,-428,-395,-341,-306,-300,-286,-204,-195,-51,-168,-279,-304,-294,-260,-209,-253,-205,-264,-236,-163,-164,-327,-439,-358,-277,-268,-213,-173,-220,-295,-162,39,-102,-225,-319,-319,-281,-248,-233,-181,-197,-227,-254,-116,-148,-258,-341,-408,-399,-293,-276,-213,-232,-273,-250,-151,-182,-191,-390,-480,-416,-333,-262,-243,-265,-250,-193,-143,-133,-170,-261,-377,-348,-273,-210,-174,-128,-231,-129,27,-28,-255,-343,-418,-320,-216,-253,-215,-191,-186,-164,-25,-84,-138,-268,-293,-303,-276,-290,-153,-178,-224,-218,-105,-99,-103,-327,-255,-154,-280,-246,-203,-113,-159,-165,-27,-136,-287,-370,-412,-341,-276,-240,-236,-225,-251,-217,-120,-109,-243,-308,-313,-363,-290,-212,-100,-147,-189,-137,-77,-23,-198,-289,-287,-295,-272,-183,-115,-150,-116,-182,25.083437611,-32,-187.43534685,-283,-342,-309,-204,-191,-119,-146,-179,-89,-11.0905974284,-39.4461083972,-42,-134,-291,-273,-311,-200,-119,-72,-10,-57,53,-142,-155,-341,-366,-366,-208,-179,-148,-129,-111,-134,-61,-133,-140,-164,-250,-212,-145,-141.328817469,-109,-7,-76,2,4,-73,-128,-197,-241,-183,-217,-97,-97,-92,-55,-48,17,23,-54,-193,-301,-264,-224,-135,-95,-76,-179,-111,10,-52,-139,-133,-256,-247,-234,-124,-58,-97,-137,-70,-13,52,27,0
11,11,-293.858129537,-387.112210548,-295.578178925,-158.000220597,-60.0491948781,-189.663309772,-266.631630392,-258.454625996,-109.175004366,-133.678511397,-239.700530785,-308.792329555,-305.885838417,-274.67143828,-339.684633787,-269.534941472,-292.60450315,-223.37170783,-289.76397591,-229.234140694,-130.252398421,-91.1439933145,-222.655509912,-282.207966857,-279.953657886,-288.469341979,-360.076448849,-276.12059991,-197.425438083,-196.755993772,-303.332198167,-299.458067241,-186.662161494,-138.806798586,-282.453302502,-338.957316135,-418.949303983,-363.507829687,-332.339835988,-228.764977221,-253.314887181,-270.013822352,-280.435206047,-197.950335341,-153.213558235,-82.2188813978,-205.222477687,-279.207135539,-406.670714825,-476.900649988,-275.565531111,-171.963630874,-168.145908512,-227.57160779,-260.919917606,-60.9931108195,-25.2103416224,-16.7994314243,-237.127622478,-343.01316884,-420.220221929,-431.320215061,-397.7836811,-330.833554161,-296.748675713,-336.048453815,-316.428920419,-233.25234687,-204.462225161,-20.6580408145,-151.060707588,-287.709172509,-310.444077659,-295.927305313,-247.27391254,-182.410596193,-227.945019735,-235.181701833,-276.746304307,-247.873835331,-137.260395946,-115.358404835,-283.737930431,-408.569444053,-339.274614677,-242.948571344,-253.155789522,-212.612913322,-182.763585563,-233.81830426,-315.131786101,-196.346696111,88.17374473,-57.6493405199,-191.985589247,-306.716698491,-307.762139194,-259.123588073,-233.861600758,-207.501912381,-155.952936556,-203.36534458,-214.152497826,-228.22989517,-92.5342241255,-123.008348993,-236.295899905,-328.781666977,-384.138037454,-373.800340661,-264.179552472,-259.620721424,-196.163460178,-216.192427447,-253.011634607,-240.29382022,-148.236137109,-145.820548128,-179.671234113,-382.171487985,-467.669128177,-410.763381137,-329.379040786,-240.646705432,-232.570952756,-273.097837819,-252.000452615,-201.457940788,-125.994770473,-106.019645878,-145.593201487,-253.019157451,-383.959816117,-356.414913202,-275.84429279,-206.234693176,-170.362261472,-135.415110746,-220.89683788,-128.226389313,53.4133839136,-34.0510881697,-235.223441131,-343.433271839,-415.271934436,-327.954897234,-226.301088858,-242.249475798,-201.038884615,-206.519395014,-165.451154751,-169.792857795,-11.2851089795,-37.4776781595,-120.183562364,-284.456523417,-285.097102555,-290.292911115,-254.420479412,-269.119689371,-150.951831494,-172.635847985,-230.790226782,-205.380587659,-77.6883271824,-99.2519947844,-110.516540066,-319.588656412,-253.442848249,-154.917630383,-283.28904388,-239.700302942,-182.106492125,-108.037469707,-137.640979091,-175.241571993,-39.3531894245,-101.931929663,-255.891579495,-342.834541841,-420.381315653,-365.398273012,-266.337284955,-257.872489208,-230.647875862,-241.171675979,-256.271041365,-214.785916266,-119.156602159,-2.17465013424,-162.319434523,-259.473937052,-212.498133632,-292.570525826,-194.348391401,-90.7880974961,4.23114124132,-67.3001957857,-136.696269021,-67.3001957857,27.7190429517,73.6272144765,-123.88468627,-262.67683274,-182.604440546,-266.947360324,-269.082624116,-140.966796605,-72.6383552654,-121.749422478,-141.382121046,-253.068145677,244,13,-184,-281,-380,-322,-198,-183,-118,-285,-288,-137,72,10,-8,-36,-268,-256,-350,-221,-117,-109,-26,-76,79,-171,-138,-388,-361,-394,-202,-249,-142,-193,-210,-218,-14,-74,-87,-164,-326,-170,-123,-114,-96,20,-115,46,38,-64,-92,-197,-243.459458613,-209.295237944,-209,-39,-87,-140,-65,-53,48,51,90,-152,-301,-227,-207,-103,-89,-114,-266,-153,70,-61,-135,-92,-204,-226,-223,-121,-28,-155,-279,-130,-14,89,117,0
12,12,-179.03473427,-265.191520607,-213.156233809,-44.254811089,34.2246378518,-106.526547748,-243.865583395,-231.070021068,-25.4879863423,-62.1685983472,-139.795009799,-168.798284408,-186.712071666,-191.830296597,-236.188245998,-171.357396873,-210.597121344,-218.27445874,-257.514183211,-196.948521528,-62.1685983472,-33.1653237387,-142.354122265,-181.593846735,-186.712071666,-194.389409063,-267.750633072,-218.27445874,-144.91323473,-111.644772679,-280.5461954,-285.664420331,-158.561834546,-96.2900978867,-176.475621804,-262.632408142,-290.782645262,-265.191520607,-277.987082934,-142.354122265,-179.03473427,-223.392683671,-272.868858003,-184.152959201,-119.322110076,-30.9846037621,-129.07724701,-215.109319366,-354.207903643,-374.308855128,-189.722824094,-64.7277108127,-82.6414980709,-150.88449715,-208.038008878,-7.57419908406,31.6655253863,54.6975375755,-139.795009799,-233.629133533,-332.581482197,-313.814657451,-284.811382842,-231.923058556,-196.09548404,-267.750633072,-262.632408142,-179.03473427,-148.325384684,103.320674419,-43.4017736005,-247,-191.830296597,-156.002722081,-175,-56.1973359278,-132.970709892,-184.152959201,-211,-156,-104,-68,-257,-385,-235,-184,-159,-126.999447472,-147,-245,-317,-132,180,0,-93.7309854212,-218.27445874,-248,-235,-178,-178,-100,-133,-150,-192,-40,-57,-191,-282,-344,-323,-220,-215,-143,-152,-235,-186,-45,-108,-137,-345,-431,-347,-272,-169,-177,-206,-240.453433441,-179.03473427,-56,-32,-79,-202,-324,-294,-203,-131,-106,-63,-171,-33,156,5.22136324324,-176.475621804,-268.603670561,-340.258819594,-252.39595828,-193.536371574,-179,-139,-120,-88,-78,70,0,-75,-248,-275,-222,-204,-231,-83,-127,-189,-148,-32,-8,-16,-300,-204,-118,-266,-154,-117,-32,-81,-166.239171943,-2.45597415314,-41.6956986235,-218.27445874,-276.281007957,-370.968169179,-297.606945169,-188.418146643,-201.21370897,-205.478896413,-217.421421252,-225.098758648,-199.507633994,-113.350847656,-34.8713987156,-157.708797058,-233.629133533,-202.066746459,-265.191520607,-188.418146643,-108.232622725,-32.3122862502,-93.7309854212,-151.737534638,-91.1718729557,-11.8393865265,30.8124878978,-120.175147564,-225.098758648,-162.827021989,-231.923058556,-213.501243247,-122.644942534,-67.9703544947,-90.4834201581,-100.93591493,-195.81240594,104.897828278,-6.0594239205,-133.097437307,-254.507184277,-324.458495445,-242.446613386,-201.440672356,-190.184139524,-113.800523881,-170.887226099,-214.305281307,-121.840904475,-19.7280709304,-7.66750003931,-22.944223168,-121.036866416,-239.230461148,-212.697205188,-311.593886495,-154.002426851,-96.9157246334,-89.6793820987,13.2374895052,-104.956105227,83.992838733,-108.172257465,-129.881285069,-264.15564099,-304.35754396,-342.147332752,-203.852786534,-132.293399247,-88.8753440393,-121.840904475,-145.432087393,-169.008873668,-132.433258525,-97.3383561873,-125.798772481,-134.636132447,-252.649646219,-164.91385608,-116.067457594,-86.1639479109,-109.269817726,-44.6335392669,-107.025544113,-109.466529298,-59.6446062875,-91.6872512307,-97.4438188532,-172.035295084,-205.493374698,-177.363681273,-187.724531052,-76.3124046817,-108.127966681,-137.024703303,-123.677913587,-111.660183959,15.530915176,19.1728198817,15.0120924157,-159.605568998,-237.651903047,-203.314824645,-170.841758402,-116.009766435,-105.231777223,-88.2976295663,-203.447296467,-146.37116568,17.5856050873,-31.3913496691,-73.544504266,-97.5303975736,-201.682417139,-177.549661474,-187.81457848,-90.994705431,-6.22732029941,-73.0826302916,-159.205180139,-104.58469372,4.77200036592,92.1490982868,97.7324250489,0
13,13,-184,-321,-190,11,121,-68,-187,-150,11,33,-166,-208,-227,-153,-248,-153,-224,-120,-227,-108,17,-4,-89,-163,-153,-214,-291,-153,-59,-123,-239,-220,-94.8663223485,-51.1327025476,-170.544881375,-207.561423953,-280.32597782,-238.325149196,-206.624509244,-121.675020544,-128.873147525,-149.771561708,-149.408887192,-35,-126.376029669,-5.88672740619,-129,-187,-333,-337.89252813,-185.05531311,-75.3816751642,-65.3853964596,-116.937555579,-155.214234512,0.0542602493171,69,29,-74.6274190819,-227.556148877,-293.979738587,-292.435003942,-254.589005154,-202.068027245,-170.400967035,-241.458760677,-262.312678376,-185.848313479,-174.262803646,65.9434335583,-51.2236255323,-172.317788131,-173.354141023,-178.897007579,-121.741825736,-77.7168883707,-120.197091092,-176.579905612,-232.190352811,-216.743006367,-78.0863963156,-38.798756955,-186.125407741,-300.655054848,-236.469372302,-170.920829442,-170.208142442,-109.486441306,-100.150740686,-123.237230293,-217.440206796,-112.564243139,138.897268993,21.5850706331,-91.5845576903,-192.317951312,-213.036484555,-168.856648252,-132.944902835,-115.349635923,-72.5610752466,-107.737401414,-140.511672844,-185.372939304,-67.027229584,-56.6665421967,-149.117637277,-215.009736747,-244.337075954,-235.021266052,-168.081447566,-173.950325244,-105.971312335,-131.85456085,-203.61837953,-188.785773153,-107.708986102,-56.3144609933,-106.013935303,-249.544414194,-298.519835378,-249.16675921,-230.17737514,-114.247927814,-140.136859391,-165.63676986,-185.662506821,-139.103348031,-80.1193206626,-26.6691389572,-80.8376907253,-166.068413937,-246.801644378,-222.985418584,-132.925012116,-101.161519797,-56.9760004322,-61.4621270782,-150.483339123,-70.1021898852,79.9302908118,1.2669246235,-149.503816855,-223.672531803,-276.432758758,-205.021021281,-152.910967641,-168.410796519,-131.499638116,-155.977403348,-116.317792066,-140.466208345,9.24260646034,-6.98695860574,-69.4349673839,-182.252514504,-174.33082176,-171.23597074,-134.992034838,-162.576017215,-66.6637822558,-107.368271024,-171.204713897,-145.324306913,-22.1716461864,-68.7450126331,-62.2117539841,-191.951662452,-137.768903028,-66.7035636925,-180.554622173,-173.995789743,-112.902116686,-62.526895282,-98.7594650598,-129.793221191,0.253303981197,-38.0661792362,-182.618803363,-232.306911548,-306.467101903,-244.706206344,-153.967211251,-163.623736231,-164.302324858,-172.576098805,-177.400098999,-158.087049038,-87.3624247807,-30.8145505245,-136.749599323,-197.809174006,-173.320042649,-222.991101646,-158.123988943,-99.1570107623,-30.1302788361,-81.1926134599,-130.534323504,-76.0051659383,-9.068188983,47.2526314423,-94.9604516334,-180.864080409,-132.922170585,-183.958931428,-177.925229413,-102.190315824,-56.6153235752,-75.3814968539,-84.0943630191,-163.18037898,87.4820783869,-5.00834705851,-110.903181989,-212.106473599,-270.415654858,-202.053166486,-167.871922299,-158.48883566,-94.817890607,-142.403544278,-178.595449887,-101.520095349,-16.4020951206,-6.34878800699,-19.0829770176,-100.849874875,-199.372284589,-177.255008939,-259.692127271,-128.328914319,-80.7432606479,-74.7112763797,11.0769443233,-87.4454653903,70.0563460566,-90.1263472873,-108.222300092,-220.14911929,-253.660143002,-285.160505292,-169.882583722,-110.232961515,-74.0410559055,-101.520095349,-121.184952775,-140.837809619,-110.349543746,-81.0955528276,-104.819247847,-112.185789167,-210.558089138,-137.424333605,-96.7075342261,-71.7809225974,-91.0412385039,-37.1624989404,-89.1704836215,-91.2052109947,-49.6752454948,-76.3849720289,-81.1834631412,-143.360537957,-171.250125674,-147.802110686,-156.438584509,-63.5689904657,-90.089427903,-114.176825627,-103.051367537,-93.0337715336,12.9886707929,16.024446364,12.5561966924,-132.999514849,-198.056448918,-169.434155854,-142.365643857,-96.6594447164,-87.6752567709,-73.5594915522,-169.544580139,-121.967738475,14.70139475,-26.1242321713,-61.2617569865,-81.2556324003,-168.073433038,-147.957137849,-156.513645172,-75.8076879453,-5.14830012339,-60.876753577,-132.665763471,-87.1358686075,4.02038266024,76.855143803,81.509226861,0
14,14,-269,-366,-217,-128,0,-134,-195,-189,-67,-92,-211,-296,-275,-214,-287,-241,-275,-165,-238,-153,-67,-64,-153,-220,-211,-241,-323,-220,-156,-208,-266,-241,-95,-80,-223,-266,-363,-278,-269,-165,-217,-202,-147,-86,-46,-19,-165,-220,-323,-403,-165,-147,-128,-189,-168,9,27,9,-202,-272,-320,-339,-294,-238,-229,-244,-225,-132,-112.441862335,-41.6042151176,-107,-235,-252,-237,-196,-190,-176,-112,-162,-147,-99,-108,-229.875187541,-317.621958114,-272.018004762,-194.756898035,-206.532909293,-185.143494898,-135.298167222,-189.74838398,-224.470860438,-141.697637465,47.3601207088,-74.1292517229,-183.53686748,-248.41903254,-240.822624279,-212.220216631,-203.093297068,-178.679913305,-137.953457806,-157.35158319,-148.349375868,-136.693958184,-39.5327060201,-103.687648528,-189.353530895,-265.758795365,-326.503971695,-325.261540772,-221.112891128,-207.431862654,-174.15311391,-163.023285448,-155.793258716,-150.562260504,-85.1326807374,-133.194171724,-139.789076408,-317.874371875,-409.097946952,-364.584360988,-267.151769732,-234.982895352,-197.018819419,-220.412894534,-162.999197928,-123.228473035,-87.6462321611,-92,-117,-199,-326,-300,-249,-192,-158,-125,-178,-81,59,-15,-221,-291,-370,-261,-137,-171,-91,-94,-65,-49,71,8,-53,-207,-263,-249,-244,-252,-145,-130,-157,-149,-53,-49,-39,-254,-230.60425857,-145.006233488,-240.597161981,-163.11453106,-138.003931089,-67.3499936115,-83.2729746163,-81.4497188335,-5.31579345628,-105.382368164,-202.556403244,-289.028074683,-309,-283,-218,-198,-167,-172,-182,-141,-77,-101,-221,-298,-311,-362,-299,-228,-122,-139,-182,-108,-63,-32,-207,-278,-332,-299,-260,-184,-125,-138,-131,-142,130,-45,-174,-238,-316,-302,-159,-119,-77,-137,-144,-62,95,29,-16,-105,-253,-230,-248,-203,-92,-60,-16,-30,53,-134,-145,-372,-355,-337,-165,-135,-137,-126,-89,-115,-18,-107,-108,-168,-244,-199,-134,-117,-74,29,-38,40,12,-69,-111,-174,-209,-164,-181,-100,-97,-88,-17,-19,30,16,-51,-174,-305,-235,-213,-83,-58,-57,-178,-93,29,-33,-146,-113,-233,-249,-230,-111,-66,-107,-155,-71,-9,64,32,0
15,15,-282,-349,-242,-163,-56,-163,-169,-160,-72,-99,-206,-315,-285,-212,-291,-242,-267,-151,-212,-136,-75,-62,-172,-242,-233,-261,-337,-221,-160,-206,-254,-221,-96,-87,-242,-291,-385,-315,-285,-209,-239,-200,-117,-81,-56,-44,-206,-254,-337,-422,-221,-166,-145,-200,-184,-1,-14,-17,-212,-294,-324,-347,-303,-234,-227,-240,-208,-133,-86,-24,-118,-254,-274,-262,-214,-186.890506453,-192.274066124,-133,-140,-136,-82,-97,-241,-347,-275,-197,-171,-190.731682083,-131,-216,-253,-150,95,-14,-169,-245,-227,-223,-204,-181,-133,-146,-133,-130,-39,-96,-181,-269,-341,-337,-224,-218,-185,-164,-161,-146,-81,-132,-141,-341,-434,-380,-267,-226,-192,-218,-151,-97,-67,-99,-109,-219,-350,-314,-270,-211,-182,-139,-186,-92,46,-24,-229,-282,-357,-264,-175,-184,-142,-115,-67,-47,39,-5,-60,-204,-261,-277,-244,-237.52075892,-150.287606542,-129.943404666,-164,-148,-80.9510263275,-67.9159482856,-85.1804024211,-292.598961341,-247.660232502,-160,-261,-121,-129,-37,-60,-45,21,-118,-217,-311,-328,-311,-252,-217,-176,-175,-184,-145,-66,-98,-225,-294,-319,-349,-295,-232,-116,-126,-167,-97,-59,-21,-185,-249,-301,-268,-250,-182,-131,-145,-116,-132,115,-56,-171,-247,-341,-317,-189,-135,-103,-121,-118,-51,93,0,-36,-106,-249,-235,-234,-197,-103,-59,-22,-19,55,-123,-134,-351,-354,-344,-204,-182,-174,-145,-91,-122,-46,-132,-125,-190,-283,-252,-141.012871331,-149,-101,16,-38,26,-4.51715767282,-65,-93,-160,-231,-201,-188,-120,-121,-88.3252695163,-30.920589398,-35.9973533107,34,16,-46,-166,-304,-235,-212,-92,-48,-52,-145,-74,32,-23,-141,-116,-250,-253,-248,-137,-85,-102,-139,-53,-20,60,27,0
16,16,-247,-350,-213,-137,-43,-161,-122,-116,-67,-116,-222,-326,-311,-235,-311,-256,-235,-91,-171,-107,-82,-36,-201,-271,-247,-259,-314,-235,-143,-192,-207,-158,-91,-70,-259,-283,-384,-311,-271,-192,-210,-171,-107,-112.669970338,-179.675841271,-91.3212622261,-181.599993786,-224.13128485,-331.192810631,-414,-247,-158,-119,-161,-122,-3,12,-65.7388905439,-141.728682322,-253.871032649,-302.579326225,-301.446575211,-273.694175383,-235.180640928,-211.959245153,-264.065791769,-279.35793045,-223.286755287,-214.791122686,-38.6483401032,-124.56672447,-213.364846463,-214.124802092,-218.189375727,-176.277588231,-143.994184349,-175.144837217,-216.490249206,-257.269285689,-245.941775555,-144.265143831,-115.455591678,-223.489947989,-307.474323101,-260.407082645,-212.34045928,-211.817847241,-167.290737847,-160.444886116,-177.374165584,-246.45303132,-169.54768415,14.8485703979,-71.1762443218,-154.163320215,-228.030928558,-243.223790072,-210.82679909,-184.492783625,-171.590207447,-140.213436269,-166.008170179,-190.041481861,-222.938164298,-136.155477638,-128.558005037,-196.352219416,-244.670772198,-266.176454956,-259.345189052,-210.258345883,-214.561982862,-164.713100374,-183.693237896,-236.317511346,-225.440788949,-165.987333284,-128.299824552,-164.744355716,-269.994986306,-305.908570675,-269.718052616,-255.793172944,-170.782326959,-189.76663186,-208.465668313,-223.150503614,-189.008759921,-145.755883436,-106.560965583,-146.282662854,-208.782192104,-267.983718352,-250.519324709,-184.478197799,-161.18608854,-128.78493018,-132.074598423,-197.353686014,-138.410340252,-28.3918039495,-86.0755026288,-196.635404175,-251.023183542,-289.712158873,-237.346065908,-199.133861447,-210.499856852,-183.432973721,-201.382472992,-172.300154528,-190.00814283,-80.2269501179,-92.1280596983,-137.921067245,-220.649962652,-214.841000242,-212.571551802,-185.993941678,-206.221224147,-135.888962395,-165.737487557,-212.548631217,-193.570577385,-103.262962581,-137.415124722,-132.624298425,-227.762329626,-188.030213907,-135.918134048,-219.404901395,-214.595321893,-169.795446187,-132.855390947,-159.424666313,-182.181661396,-86.818788742,-114.918393813,-220.918561585,-257.354757992,-311.736286291,-266.447137578,-199.908402903,-206.989514534,-207.487122299,-213.554265195,-217.091695476,-202.929472214,-151.067238082,-109.600788099,-187.282760415,-232.057631847,-214.099797818,-250.523492088,-202.956560177,-159.71618583,-109.099012955,-146.542927029,-182.72511033,-142.738981504,-93.6542220249,-52.3542701896,-156.638856903,-219.631826538,-184.47611411,-221.901274978,-217.476772623,-161.940502734,-128.520446518,-142.281646136,-148.67077453,-206.664401494,-22.8540923045,-90.677147567,-168.329631128,-242.541814785,-285.299827885,-235.169743561,-210.104701399,-203.224101589,-156.53431717,-191.428787631,-217.968244038,-161.449031319,-99.032161621,-91.6600903968,-100.998047281,-160.957559904,-233.203857901,-216.985301208,-277.436285246,-181.107887917,-146.213417456,-141.790174721,-78.8818336083,-151.128131605,-35.6323490931,-153.094017265,-166.363745468,-248.439471764,-273.013042512,-296.112199014,-211.579115643,-167.838159713,-141.298703306,-161.449031319,-175.869234335,-190.280637346,-167.923649245,-146.471752649,-163.868293649,-169.270164563,-241.406387367,-187.777541796,-157.919989286,-139.641351796,-153.764905276,-114.25572675,-152.393084234,-153.885145995,-123.431300296,-143.017492597,-146.536217117,-192.130549298,-212.581931588,-195.387546238,-201.720656271,-133.619557388,-153.06694435,-170.73018786,-162.571910338,-155.226026004,-77.4799681788,-75.2538396543,-77.7971006244,-184.532830513,-232.238958075,-211.25028433,-191.400995323,-157.884725339,-151.296637193,-140.945573071,-211.331258251,-176.443249618,-76.2240309179,-106.16138646,-131.927667411,-146.589138699,-210.252468845,-195.501227365,-201.775698114,-142.594171263,-90.7797748866,-131.645345134,-184.288091254,-150.901104866,-84.0563970221,-30.6468034753,-27.2339731102,0
17,17,-178,-270,-157,-72,-4,-65,-8,-11,-20,-56,-136,-251,-212,-172,-233,-175,-154,2,-72,-38,-56,-1,-142,-193,-184,-181,-215,-129,-93,-111,-108,-68,-26,-8,-196,-200,-306,-248,-169,-129,-129,-78,-44,2,-4,-20,-145,-175,-224,-321,-178,-111,-44,-75,-50,38,60,64.6448040245,-133.32218172,-201.080552912,-233.622784116,-279.889435683,-263.080549626,-193.19527481,-177.975529622,-154,-64,-38,3,-14,-115,-171,-224,-228,-159,-135.46674506,-119,-76,-56,-73,-11,-61,-160,-251,-199.164463594,-104.065244993,-138.698468003,-132.629944467,-89.9377862633,-137.795457538,-147.510025406,-96.3781167001,67.015520966,-54.8303249844,-135.479391512,-191.081623698,-181.616297301,-146.857455067,-157.081332524,-120.124245746,-88.5986061922,-107.334682179,-73.6278628591,-37.3339297731,64,-73,-153,-228,-295,-274,-154,-139,-110,-100.880753236,-56.9760862253,-71.246864613,-27,-125,-87,-299,-369,-338,-231,-224,-157,-152,-78,-58,-88,-139,-117,-171,-294,-294,-254,-149,-145,-86,-102,-54,46,-2,-183,-272,-333,-259,-156,-114,-96,-54,-47,-18,4,-2,-56,-181,-198,-225,-216,-167,-96,-63,-71,-70,-60,-13,-61,-280,-226,-131,-182,-125,-82,-19,-11,-19,-6,-103,-143,-249,-248,-233,-180,-145,-82,-64,-107,-48,24,-39,-171,-237,-247,-252,-236,-194,-82,-68,-61,-4,-42,-50,-155,-198,-304,-254,-238,-144,-56,-76,-11,17,92,-48,-125,-221,-301,-287,-156,-120,-121,-11,19,22,102,28,-45,-126,-225,-248,-168,-149,-51,8,21,76,88,-43,-93,-281,-274,-259,-133,-88,-70,-11,48,48,42,-72,-91,-153,-201,-174,-89,-53,4,135,63,107,57,-7,-18,-88,-166,-142,-186,-123,-100,-40.0341548187,39.929869747,20,60,31,-91,-113,-234,-135,-103,-43,-26,10,-6,39,85,46,-89,-19,-167,-151,-170,-50,-48,-8,25,97,59,134,36,0
18,18,-190.119276943,-283.916664073,-192.067170877,-128.38151063,-59.909567147,-112.786222446,-66.3770661248,-69.283524461,-52.5991317469,-86.4397433029,-163.426854696,-272.248869721,-237.057132546,-206.599462558,-271.918779598,-215.727251765,-190.716045258,-50.9859850391,-123.715512477,-96.9969822045,-89.5504087383,-33.1546738058,-167.68443865,-217.612674605,-207.337966879,-202.876175825,-251.369364146,-184.122663258,-137.83938996,-150.612141824,-146.15035077,-114.137348064,-71.3731544003,-36.3073002489,-208.0764712,-216.099302895,-317.23883139,-267.787078667,-200.582338786,-174.790666951,-168.050891841,-132.639094585,-103.328343116,-61.8733140631,-50.0591266014,-49.4884663115,-158.148235245,-187.212818607,-249.20141013,-344.732229052,-217.078377384,-141.280145518,-85.7012389821,-118.845307225,-91.5141556545,17.5903905458,35.27530867,24.9245514984,-160.665499018,-216.585957136,-271,-315,-310,-246,-228,-225,-171,-120,-82,-45,-128,-231,-263,-277,-208,-160.076024457,-154.733587712,-139,-135,-121,-67,-99,-189,-266,-260,-168,-211,-189,-128,-168,-172,-127,24,-90,-172,-216,-217,-165,-185,-150,-118,-150,-105.266224696,-58,30,-66,-143,-224,-276,-287,-178,-160.6304264,-141.348214551,-136,-74.4366865961,-90.7143319001,-41,-92,-106,-277,-372,-360,-247,-243.498523499,-183,-214,-131,-105,-72,-104,-108,-180,-305,-281,-260,-183,-157,-101,-129,-60,34,5,-161,-257,-314,-278,-170,-144,-138,-123,-80,-65,-3,-21,-82,-211,-232,-268,-218,-188,-137,-90,-108,-97,-33,-32,-63,-266,-219,-151,-268,-145,-111,-72,-60,-60,-3,-67,-144,-241,-266,-254,-201,-182,-122,-133,-158,-89,-14,-54,-154,-227,-242,-284,-267,-218,-99,-93,-105,-60,-55,-36,-153,-213,-294,-290,-277,-151,-91.6241856952,-110.482130364,-52,-23,85,-22,-109,-222,-307,-295,-168,-160,-122,-40,-32,-19,87,2.1993094602,-29,-117,-222,-213,-191.836855752,-183,-115,-64,-32.5784155765,2,53,-54,-99,-259,-283,-288,-176,-154,-118,-81,-21,-7,-13,-73,-87,-156,-226,-175,-127,-75,-40,68,-3,55.9244991204,8,-9,-17,-102,-165,-165,-171,-146,-124,-75,-9,-11,37,33,-92.8708792123,-119,-207,-152,-147,-87,-63,-37.5325428443,-50.4414327745,-7,42,25,-62,-33,-160,-91,-158,-89.4403786975,-72,-65,-24,41,56,148,34,0
19,19,-165,-266,-187,-138,-65,-114,-74,-77,-37,-71,-150,-260,-226,-202,-275,-217,-187,-53,-129,-107,-77,-16,-153,-205,-193,-187,-251,-196,-138,-147,-141,-114,-68,-16,-184,-196,-299,-254,-193,-178,-165,-141,-114,-74,-46,-31,-132,-162,-239,-339,-217,-129,-80,-117,-86,48,63,39,-147,-196,-230,-287,-282,-211,-192,-188,-135,-95,-59,-34,-127,-209,-241,-248,-180,-144,-148,-101,-94,-80,-22,-62,-142,-202,-207,-124,-192,-157,-102,-140,-142,-112,36,-96,-163,-200,-195,-147,-167,-130,-101,-132,-92,-37,43,-64,-140,-209,-261,-269,-162,-142,-130,-101,-47,-66,-21,-87,-90,-251,-353,-329,-222,-228,-165,-190,-98,-82,-49,-97,-96,-154,-274,-270,-253,-162,-140,-75,-101,-48,50,19,-148,-225,-278,-254,-141,-117,-102,-77,-41,-29,29,-4,-63,-183,-194,-229,-198,-175,-122,-67,-79,-65,-17,-18,-47,-251,-200,-119,-195,-131,-86,-44,-29,-33,9,-58,-119,-212,-234,-237,-179,-158,-90,-95,-122,-58,20,-29,-130,-195,-216,-250,-225,-187,-63,-45,-54,-19,-20,-4,-114,-158,-257,-240,-242,-144,-81,-100,-28,-10,86,-27,-107,-205,-295,-290,-159,-146,-107,-22,-11,-7,97,27,-19,-89.1727373982,-202,-202,-177,-168,-98,-44,-34,18,65,-44,-88,-245,-255,-264,-170,-140,-112,-71,-8,8,4,-70,-75,-141,-208,-159,-110,-61,-24,95,17,62,17,-2,-1,-74,-141,-147,-168,-134,-113,-57,9,3,44,38,-53,-98,-193,-124,-129,-73,-50,-34,-45,3,45,29,-57,-20,-144,-150,-166,-82,-77,-61,-9,52,60,143,29,0
20,20,-183,-280,-192,-143,-88,-100,-58,-64,-21,-52,-146,-265,-219,-192,-277,-232,-186,-9,-100,-94,-70,-33,-183,-228,-189,-168,-241,-177,-171,-174,-149,-116,-73,0,-180,-195,-305,-241,-186,-195,-168,-143,-134,-91,-24,-3,-110,-157.407685722,-220.371774426,-289,-187.736225529,-110.742770075,-76,-82,-52,131,146,122,-107,-187.114328296,-222.91384962,-282.930694193,-277.666058704,-202.908234762,-182.902619905,-161.484425662,-92.3905190085,-59.432257024,-21.7146261413,-16.3336235919,-111.520569136,-180.320746361,-260,-246,-186,-141,-124.407029821,-79.9829368213,-67.1440611875,-67.554157676,-8.64301638656,-52.585635321,-140.01319165,-191,-187,-55,-113,-114,-98,-125,-118,-89,26,-106,-137,-198,-191,-139,-167,-114,-93,-105,-56,-6,93,-31,-103,-191,-232,-261,-149,-133,-100,-102,-27,-65,0,-79,-100,-243,-344,-328,-215,-240,-172,-200,-63,-59,43,-94,-85,-148,-251,-249,-252,-159,-143,-28,-36,-25,79,26,-124,-234.969998641,-253,-236,-110,-112,-81,-34,-33,-25,38,1,-79,-186,-177,-203,-198,-169,-139,-75,-73,0,39,27,-40,-236,-185,-106,-161,-103,-48,26,42,23,28,-21,-58,-153,-224,-230,-165,-143,-67,-90,-110,-44,82,-42,-124,-195,-211,-258,-243,-189,-83,-43,-50,-34,-19,-25,-115,-167,-263,-240,-253,-140,-87,-107,-7,60,109,-9,-97,-199,-291,-293,-163,-142,-83,11,10,5,122,28,-26,-79,-193,-173,-162.100868178,-143,-72,-11.5292652101,-17,28,50,-47,-94,-229,-240,-249.552217033,-142.396769451,-130,-106,-77,-11,34.1541009153,29.3021574822,-36,-77,-143,-213,-158,-134,-68,-28,88,10,65,32,31,-4,-69,-135,-140,-152,-128,-95,-32,91,84,106,54,-66,-90,-175,-90,-102,-63,-51,-38,-26,28,73,43,-51,-9,-118,-127,-133,-46,-70,-56,9,67,97,149,17,0
